{"Obj_0": 0.06666666666666667, "_timestamp": 1693676223, "_runtime": 2055, "_step": 7811, "Obj_1": 5.5, "True Return": 55.06666666666667, "Discriminator Loss": 0.6228631138801575, "Fake Accuracy": 0.62109375, "Real Accuracy": 0.6796875, "avg_airl_reward": -43.596197471022606, "AIRL Returns": -122.77923452854156}